country,year,co2,ch4,n2o,co2e_100yr,co2e_20yr
ABW,2015,2290834.745679815,1704.2085451895562,77.72645154079751,2358876.352626789,2450093.6295802207
AFG,2015,46724953.8368946,1362223.8030430956,27542.07557877046,92613898.81788157,166725039.5002617
AGO,2015,135217049.88986206,3050688.8581359163,30366.152313684568,229328291.77759492,392818535.45224226
AIA,2015,400585.19591748255,287.1747289465646,5.847652745091045,410026.56718267687,425408.1666867697
ALA,2015,687354.139997154,370.65517952237775,41.08197104306473,709334.2939783374,728964.6008056523
ALB,2015,19880733.41284879,331854.87532460404,8985.834595979824,31796771.540612634,49855738.013491005
AND,2015,456638.4234513119,5209.32571487818,47.5630120436565,615030.2430511557,892682.558687456
ARE,2015,640446657.9562252,3424902.341011571,14679.933782117809,767357555.2599158,977994603.8631432
ARG,2015,660972326.113944,9194428.772423863,261807.90675488583,1007936258.0468345,1518782924.9232883
ARM,2015,15954233.04437711,166251.9397711546,5080.089010535052,22449275.544166908,32084129.217636388
ASM,2015,614781.7314479372,419.28373474792414,34.296601205365036,635637.2766707697,658086.4139805818
ATA,2015,5203909.310635761,20307.832156671633,331.3985256066884,5328038.621653385,5394061.004136373
ATF,2015,28043.454353058176,7.025413006494471,1.5466777075052325,28669.3280835816,29043.15231396581
ATG,2015,1893260.0285279588,4355.314483667891,95.15233531708458,2039376.2576234217,2274070.864978781
AUS,2015,1105535250.428467,14626069.918403978,284910.728785266,1612758041.5535204,2413071363.8092527
AUT,2015,155773754.21929395,610465.7095868391,27390.37260498824,184920351.7058501,221453269.38964388
AZE,2015,119929850.97710325,1479043.376105825,14795.840822160148,167908820.13806024,251393495.45619953
BDI,2015,11117173.598351896,291301.4261125494,8384.721036412764,21914845.34180368,37799772.274447605
BEL,2015,227441743.54959837,772214.0518406604,66340.04352577352,274924887.6503285,322941015.69102263
BEN,2015,11474094.6291161,355106.39656867314,12280.754818453237,25705370.593306426,45900405.2158364
BES,2015,6132869.651320275,430.5513200129502,53.796759927527454,6159628.13785572,6182621.6491664685
BFA,2015,15145106.520288574,1309291.9486304442,54045.64071880815,67600301.2120642,138942239.6966101
BGD,2015,250319379.0404603,11035815.560263794,180727.63158906056,612054790.9887048,1217249626.9011016
BGR,2015,109897294.26751488,655408.3325646044,27751.299411538817,138527396.99641085,177460247.2485226
BHR,2015,79304656.91392137,1860572.469645637,1395.3497819600516,134265431.348605,236012414.32529107
BHS,2015,9546283.574308487,22164.723154918094,458.07326831559203,10277011.602216195,11464190.181432812
BIH,2015,58657910.41868775,787462.1321506463,7860.347126155788,83673734.00328368,125935445.75632197
BLM,2015,75746.01401247474,872.9888177312165,103.25490189912603,127690.66917823043,174479.14134919876
BLR,2015,227954310.9686629,1183308.1973257088,205999.4490468634,316804141.95857203,380311052.4615912
BLZ,2015,3578452.5028214413,49372.034468665945,690.1575226836823,5141899.486927829,7774664.751465895
BMU,2015,2202686.580775329,2461.102467202451,53.62267912755794,2284582.9706340656,2416401.6715830145
BOL,2015,101249177.03260191,2535037.552376642,52062.125845960836,186226408.22326845,321493434.1560024
BRA,2015,1851822794.1130753,36593818.50108895,988092.7360177584,3163747657.663418,5153259564.904103
BRB,2015,4388883.528728612,13446.932702128128,289.88173882979567,4835622.46101532,5555639.242451836
BRN,2015,22706737.359713417,383045.6436299707,786.7865092470946,34011099.377632685,54813208.125057206
BTN,2015,5351704.872730322,74826.28669849623,1241.652030488981,7816108.615623319,11794448.484117953
BVT,2015,0.0,0.0,0.0,0.0,0.0
BWA,2015,34870754.4066393,271642.8633094252,6155.030954578488,44582629.08845132,59643678.1597363
CAF,2015,4790599.109033586,428427.6852860783,17767.14701816348,22066652.26498464,45548071.170304954
CAN,2015,1630124616.0684383,8222196.341662366,259595.28315199594,1969886612.2838182,2438187328.168001
CCK,2015,16128.171268901704,10.677659959678458,0.33922823714760947,16512.04778030801,17084.081366998475
CHE,2015,84359016.86565353,406005.49082009075,15975.405046806365,103826052.68718235,129056131.17751734
CHL,2015,214211334.02742594,1338849.0177983658,48156.97944342365,275871676.9625629,357547578.4680987
CHN,2015,23329358943.51297,129773445.63784051,3141829.191354346,28554032169.23441,35782490616.90997
CIV,2015,47296445.09204293,844157.0852586456,17104.204283849656,78073995.85677944,126485323.84990314
CMR,2015,46210174.23501987,1743392.1004691327,35961.10819263502,108647804.40022416,206186822.10497367
COD,2015,50873518.37880908,1485648.7573880816,21627.652189291344,101290816.55177131,183910689.709038
COG,2015,27352096.908101793,905829.7800808934,3516.266703842344,54036483.3457522,102848449.51982969
COK,2015,388499.8855439531,1348.1438518549598,34.74615730639364,435378.8682003491,507328.3016660837
COL,2015,224532605.09136987,5873518.970413792,114376.38031881329,427978173.967994,753412282.1361055
COM,2015,976571.9906654055,26863.63478943895,275.8246210580565,1792342.3053511276,3229270.4980081166
CPV,2015,2733976.8490911266,10087.842205073199,513.9694805529508,3155672.777259727,3693775.9648099937
CRI,2015,18658956.14183685,419757.2816631035,8822.489893003858,33249365.538095485,56426778.984279916
CUB,2015,82740614.8348247,991624.150281168,28654.231399437416,118682952.54516722,172592337.65993515
CUW,2015,5833878.255597828,1303.8547549607913,145.4060179915521,5957929.278368773,6008639.61056343
CXR,2015,42587.16508081842,45.901446657343065,0.8716847885838822,44076.31419391245,46535.71102895458
CYM,2015,2455933.2061132775,1753.4139655329518,65.43311810235282,2521800.6204172,2615687.0639804066
CYP,2015,14628184.798725074,60296.16991699687,1811.7501928952056,17470554.713549882,21525380.170526117
CZE,2015,230519587.9893451,907632.8226748152,49247.29955187086,277043728.9986053,334541846.30676156
DEU,2015,1749089153.6459768,5181295.75500328,281596.8198606385,2008944534.0577412,2314413768.211842
DJI,2015,3385700.72097107,72837.31376441021,1669.0078478374426,5854805.836968892,9745902.022622291
DMA,2015,773632.4871424919,3901.970828921226,60.41774760230793,896661.7425026201,1105659.052464673
DNK,2015,94920623.86969572,923227.108838682,36932.475149955986,132138082.51655185,182578613.307966
DOM,2015,52976405.287996344,766609.9922533382,18855.366312989423,81380025.21088506,125045783.34806418
DZA,2015,450110764.097355,5843846.934701032,61843.9022467785,634122572.6999168,948567798.5091549
ECU,2015,94651518.3123659,1770086.527207876,27979.78529713191,152212466.85232857,248005139.66356763
EGY,2015,550120306.2457055,3964357.5887845797,169644.0577619085,727448955.2289116,958032687.5643332
ERI,2015,9329850.369718347,274082.0090191797,7781.478246891921,19049615.228330478,33682859.053291515
ESH,2015,2731040.0797700863,10958.439073905178,216.05180302956637,3088341.851450817,3675630.369054804
ESP,2015,591214990.2361461,3243208.753693614,170175.33516379853,751784149.1103312,944912273.8528438
EST,2015,57301109.39072741,159808.7381699659,13121.287650014125,65875275.623286285,74895854.28465174
ETH,2015,80911250.70389785,6553507.486012739,240384.05659664315,329879512.023987,679167517.3973395
FIN,2015,170740016.17036387,757344.2390468727,49646.15606112562,208148422.65584412,251251451.0379253
FJI,2015,5829009.183626616,55041.53258261762,842.9050151321276,7825397.415016122,11063576.109808356
FLK,2015,11589000.988850802,109.10574265881509,7904.882573756263,13750037.425966365,13755832.653499257
FRA,2015,837572059.9092339,5180151.401455753,286789.9807115955,1112632867.7592096,1432971832.0238676
FRO,2015,1674291.0412076516,3414.2510073049107,441.2156286351766,1888590.3288123936,2071190.1280334408
FSM,2015,829705.2903523698,2150.8872128610465,69.40297956251058,908099.6118985692,1023002.6603123123
GAB,2015,34129477.459634826,947570.8285351801,3021.1830977042537,62724373.2518229,114789759.8623949
GBR,2015,911631003.8788103,3995611.6465482493,233174.7120967796,1118684109.094962,1366366032.4487512
GEO,2015,35802347.11437984,272805.6080618795,9900.751119286315,46641038.67542613,62003273.8388896
GGY,2015,291311.4261913717,200.99299358369564,36.68239428903087,306822.24601567077,317586.94794451736
GHA,2015,51769851.23621684,903504.1645945332,21794.548128844846,85228060.77355458,136445210.31393242
GIB,2015,5474302.063549052,1786.747899683229,307.79858014493857,5609161.371275259,5704442.875116451
GIN,2015,34406497.46067398,1433483.092750291,25509.341839723336,81905162.66697355,159693454.74732032
GLP,2015,7229263.300387501,7281.8109811212325,234.71710681606947,7492824.74083489,7882606.701188183
GMB,2015,3999195.9456701684,99409.97740990974,2107.950893262516,7326358.9196758885,12635879.38653938
GNB,2015,3721858.78876409,152607.8040177393,3870.8956743090544,9032887.126390476,17174029.555073883
GNQ,2015,28664005.45462781,745150.4925588449,389.10213659483867,49933579.0797997,89947206.17780906
GRC,2015,192278486.5549504,853852.8388678764,35592.155523581896,239968500.68731913,300652414.32864416
GRD,2015,1075056.6003860696,3328.4072991241674,63.46054912142441,1189466.2510842695,1366043.0872041727
GRL,2015,1577065.209025055,4236.642279487684,47.168621917269164,1705329.0339043508,1932327.1645269387
GTM,2015,47277935.88943517,1121470.4205945106,27119.122645007337,86222893.60156313,146645509.09335798
GUF,2015,1686604.567448504,4992.220448868018,122.86720209736359,1858613.7913151267,2125259.2108109845
GUM,2015,4677874.482237612,1370.300541825965,158.18049315591045,4758279.643414358,4831024.684296238
GUY,2015,11966325.959588492,200586.29229551842,2842.021709236865,18243553.66904289,28975682.66416172
HKG,2015,129969622.93743698,304648.7855949744,7613.821402894116,140735594.01722023,156954107.21903098
HMD,2015,0.0,0.0,0.0,0.0,0.0
HND,2015,32055962.552187745,625402.3156137257,17354.17653437542,54953483.49359756,89393820.29224807
HRV,2015,42496451.59176914,317741.99527849414,17309.28335513719,57283666.04063532,75397606.73612052
HTI,2015,10819430.915152231,417987.23633582675,9455.119527476661,25043367.989048243,47333948.10877019
HUN,2015,120206976.59072782,566411.369657061,51556.37677692845,154956373.7346795,189609211.37168592
IDN,2015,1744057789.9144583,21859933.99730236,430802.1203680578,2495321938.0876665,3691854615.2703743
IMN,2015,1623209.0186545937,299.9710313473896,74.6541444742115,1651778.5493621372,1667846.5133010924
IND,2015,4529889891.576372,49521077.839812994,1591207.7894378025,6447269900.217188,9181723548.65716
IOT,2015,299085.8233487507,32.69267984538231,10.278719959543693,302846.2047430299,304583.52970255446
IRL,2015,108852345.72433144,1331339.8249075713,53624.993003215444,163239955.70320466,237170702.94934526
IRN,2015,1596646714.3233955,15125132.462126475,156866.71258911557,2085654451.7231505,2909828680.009629
IRQ,2015,393676506.6007442,9484987.535311729,38769.036157282164,673317842.7163013,1184650894.3363717
ISL,2015,13484471.210286206,41375.532325348504,2301.4127297727196,17049883.924747482,19574423.157016043
ISR,2015,137281227.61033908,670910.0065503666,17094.439270062725,170607805.70937863,221421874.26328963
ITA,2015,755776120.7115452,3506656.1179176667,135567.84790062168,927317281.5354292,1146987352.9989846
JAM,2015,22233369.652068287,64058.16800194002,2343.0202900687736,24913332.946454566,28790444.958323285
JEY,2015,340968.1252055078,322.38165606674755,56.774469010495736,365262.34173447895,382532.89765006275
JOR,2015,55376443.09775823,333902.6818496624,9571.602359511538,70719223.82565801,93036045.68791297
JPN,2015,2982079124.9638085,3325306.302185022,152485.2746203563,3163061592.951524,3385858117.66372
KAZ,2015,464090227.11195105,4741875.140874872,51964.116210342225,614277398.896764,869313723.1796582
KEN,2015,68562786.32668148,2844972.7979529207,87142.98577962945,171684261.00293353,323884001.0038909
KGZ,2015,49505205.045401454,551620.3526439858,9976.7243347004,67479830.2072336,96950113.46879987
KHM,2015,45155429.1709201,1536265.5268570115,29482.997431781143,97436973.75429699,182334842.55304542
KIR,2015,745517.3311063284,2003.8597672315204,66.80563998864633,818725.350075388,925950.4597535697
KNA,2015,1096317.1354040604,2341.5272159778756,51.20206126789927,1174502.1654302701,1300217.8670408987
KOR,2015,1416221600.7112122,2073579.7933084965,96555.20825072851,1536394902.4460287,1674057814.5370977
KWT,2015,265736342.31448537,2520956.6540702144,6390.217625464416,356872278.347927,513102862.3616337
LAO,2015,57082352.6245291,536128.0221759896,17545.243924720377,76838687.15713531,105461996.42731169
LBN,2015,59548511.68042135,263370.4892310521,8512.831409839653,72192787.20790808,90129293.9685377
LBR,2015,6465232.560326759,247350.05233570051,2823.085899895157,14190129.846677631,27393626.383777738
XKX,2015,20210656.55519522,119941.99701862787,787.8206724260152,23780686.96118719,30171481.98412194
LBY,2015,136067829.98509595,1145954.9430940151,12009.589921717414,177388375.94673008,244362837.9627312
LCA,2015,1776355.7261781518,3697.999832090111,108.7651421854757,2029995.7060842193,2437192.39724428
LIE,2015,280700.93905759614,242.80528832156674,25.665824936853856,294643.4679432112,307542.61481159215
LKA,2015,57948228.6277866,786286.283885244,18477.644713481885,85320122.10923687,128283652.86276314
LSO,2015,7357679.194280916,107600.91221790916,3668.9175961959622,11387084.60285433,17116186.328802925
LTU,2015,51959539.558814,236927.2090057755,45057.70243710952,72497000.15981022,86768811.81499182
LUX,2015,12244430.546294091,41625.38347944363,1663.5905184452088,14009299.49439525,16451325.47708735
LVA,2015,36073655.81595612,212322.5639700569,16312.124561449735,47402500.142720915,59896017.01316924
MAC,2015,4695000.308633615,3604.110284215336,447.44498564849135,4918247.803383319,5110369.159073335
MAF,2015,683362.7376376399,109.65724350768583,13.58810301480985,690080.7660663145,695949.4261734907
MAR,2015,126216230.78513817,1806260.4404299539,51196.58969707175,191834977.48298317,291194300.1401177
MCO,2015,638035.4567233527,138.69447087706575,45.47309890906631,654479.0731230808,661838.2729665557
MDA,2015,28616566.54967338,208936.9636863409,6934.705809756829,36735089.99453124,48506407.751587756
MDG,2015,34508883.22367113,1503795.1193365443,37469.250871802054,87455097.5407121,169056193.09837967
MDV,2015,4137559.6089460137,8598.017744438912,251.29909793995424,4441082.599689068,4901556.096906643
MEX,2015,1234392090.739903,16490343.569139563,753173.3616806396,1931146806.25523,2846865189.256343
MHL,2015,1154389.780804686,282.5653265691708,52.33993525052112,1176494.176830709,1191605.0626155054
MKD,2015,15881659.231089681,209813.60406936225,4060.421133296394,23997752.015180103,37189871.96527345
MLI,2015,42404527.558331124,1800102.518266757,65776.62229747568,110864764.83323535,207754221.72436696
MLT,2015,6790483.728497787,11969.916835218328,604.0697370454545,7877336.268794658,9088933.500119958
MMR,2015,149609283.12219155,4480009.992782563,119184.4947437743,307916215.8818789,549473698.4200441
MNE,2015,9086043.671187222,110489.9424801377,910.0469462419853,12405611.673936358,18300198.617452845
MNG,2015,97191992.73072447,2021238.9966041713,83090.4004901541,176147427.15968958,283937031.4946149
MNP,2015,1352184.3405384917,273.7824483899146,32.48403327672398,1368616.5649342048,1383253.458831035
MOZ,2015,46699718.87925458,753100.1697068245,15488.104118979876,72701989.25018346,113236092.4017641
MRT,2015,13442373.78772047,668315.7861624383,18648.199848771994,38020660.932672806,74724581.36928035
MSR,2015,175182.86057056015,32.961360928844975,5.566955897031535,177624.74654756463,179382.81719958934
MTQ,2015,5970949.04270903,18534.850925840652,1910.6543292814297,7012343.728753883,8001170.733176411
MUS,2015,12918484.405226346,53298.796206125546,1532.8474866031988,16762187.3323695,22943247.543478932
MWI,2015,18058744.181608338,399807.0188903435,18745.394652538675,34779609.602369264,56669772.4046062
MYS,2015,588869907.6525837,3571351.3738310314,65794.15666538439,714550588.8364903,906417256.1303233
MYT,2015,1214682.8018967956,1005.1317385786891,74.29646023765366,1262362.5772932924,1316217.818244168
NAM,2015,24857572.70459604,439713.685880146,12494.417002233358,40873222.94924379,64754339.26812444
NCL,2015,11086202.715293923,50261.1968164844,320.7453877740467,12573961.352851555,15253850.123754635
NER,2015,30668997.59129534,1545117.1256556052,61777.4439960254,91255039.46224481,174485072.48469424
NFK,2015,40779.65913531471,8.952155235048991,1.951678764873745,41560.28300532418,42038.908445662404
NGA,2015,336401687.59596676,16467121.187994933,215887.6114000272,872964476.5239404,1768073311.8301885
NIC,2015,15494816.643642312,811880.4728712586,18476.87883990795,43331668.47631058,87024993.3109861
NIU,2015,32332.86818226085,104.44723171551462,2.54661820118079,35920.584550789645,41494.7490249182
NLD,2015,452220083.36981624,1924604.8580036047,75934.88526489635,548992064.1554685,651991173.9569497
NOR,2015,241303413.02107722,3306043.952213269,30808.746371611356,346119595.0065257,524184606.7978444
NPL,2015,33330610.932529364,1418400.449667837,37900.9336357774,83538573.21383666,159307662.69521105
NRU,2015,108585.34960153258,223.05266466548417,5.825179592079253,116316.32830027012,128241.80619331861
NZL,2015,100218302.43091635,2955364.2251724,54134.0412552527,199794244.71109813,361346185.0687144
OMN,2015,241333876.84526485,2332998.1091104224,6712.685894517432,310305002.75792736,436500223.6743764
PAK,2015,410825203.09967494,14213628.87431905,352510.88676912925,915773504.2558688,1687840933.7351737
PAN,2015,45377220.14924668,337218.40390437376,9307.590174154004,58285326.51640909,77572685.21134214
PCN,2015,7278.167520541041,0.9169060518473237,0.17045295907488478,7351.596994228205,7400.066091636256
PER,2015,153912205.6485017,2590223.7425182373,64420.25813588056,244509158.43706882,384269071.5510637
PHL,2015,316092468.36349607,3641782.06655741,80523.96333471032,448267424.8882133,653414476.347632
PLW,2015,1304278.7449666127,2094.712232939286,38.89467455845863,1373220.6509508728,1484928.0324781165
PNG,2015,79131522.0831859,387680.7316467715,10667.603762653664,93082562.11777693,113811403.8860174
POL,2015,682045967.7617134,3883746.8260718416,189179.04238446592,856956581.7905513,1076059115.6776347
PRI,2015,43556654.92771695,126537.14059632509,4475.167397464338,48394324.75850717,55160408.22124544
PRK,2015,88827284.29839778,2374672.538579693,17971.621332743467,163822207.59374225,296161763.1600364
PRT,2015,156605071.78070748,631944.6816274383,27155.082017828998,188024962.16775116,228979524.31527045
PRY,2015,29908839.89426815,1903929.9110066707,52162.16819641137,97789983.677622,200318211.15262678
PSE,2015,7375876.935621171,50550.70873595391,2303.5530710111434,9397214.64151987,12099329.282748155
PYF,2015,4441077.973714806,5790.64960095027,210.74886099274033,4657819.59300764,4967536.302971964
QAT,2015,344610553.0886496,5702965.769800254,4477.6446242888915,508913900.9652031,817360363.0514178
REU,2015,12201218.651879147,9347.663382138075,618.6676735898585,12631406.660254745,13129696.335752295
ROU,2015,197405319.52287355,1743856.1541978312,79326.79525531766,273765849.9237032,371187567.05845124
RUS,2015,4958361115.009042,49962265.423111156,548381.2360208429,6603211071.695371,9282695776.536413
RWA,2015,15805229.481751159,340596.2301067319,9827.999461345951,28021703.888802625,46311378.92086503
SAU,2015,1530743822.3566883,7445750.343905937,50390.66498013406,1821743135.2490942,2293449732.3103952
SDN,2015,84627936.33779036,4367266.772499888,136689.43115555317,245236660.96857974,481125368.306951
SEN,2015,41159696.32618171,667812.7525699295,23321.680644049364,67548326.36114681,105096708.30986828
SGP,2015,215273088.99374813,136856.59730981244,8086.180343394145,234704531.89383742,252364892.81843472
SGS,2015,684471.6501675086,1754.3788807335068,44.55344349509294,701502.4787303321,711088.5976628514
SHN,2015,163577.55947373968,117.28009484855949,7.46701789740571,168888.79199196064,175143.71926168253
SJM,2015,198962.8847936091,35801.41194095455,10.458856258946879,1175645.717813811,3094594.815188768
SLB,2015,1937842.2554974332,14702.583543014764,174.50246051006883,2389059.7718374575,3175717.42773869
SLE,2015,11013554.745874178,472994.1124758876,6067.501025081925,25739272.169484656,51027845.35914493
SLV,2015,20442858.211379707,251003.06826094072,7859.529625228589,29994683.217455283,44029699.528794914
SMR,2015,160851.09035333587,222.67856680046276,24.25530021850106,173776.61984771775,185626.1447084374
SOM,2015,15511337.498385986,1584547.1905908564,40325.71658226898,72717370.6046964,159526331.5855072
SPM,2015,177545.40602343323,390.89263377148274,5.037733371870793,189569.4261134212,210515.15092600213
SRB,2015,108705645.7008619,603126.7151891858,20188.63724974106,130970129.0539319,163156272.34873405
SSD,2015,35657533.645479135,1540752.7671331542,38102.98954554575,88602752.22087964,170927115.1855243
STP,2015,530456.6068640654,3310.4634179984355,114.19358277294816,654782.5847342671,831131.4577513608
SUR,2015,9133999.595490437,107400.35277743667,1169.1412647658033,12428235.389917778,18162571.18401553
SVK,2015,80494265.92768656,310544.8089230491,24382.951860425794,98571549.05392145,116751720.59960489
SVN,2015,30428248.465617508,203595.9972855673,5546.236840831978,38766547.18963248,50430341.23328874
SWE,2015,174379706.55076987,439996.3885381913,64995.91304547276,208180611.57592276,234819247.80245185
SWZ,2015,5935102.9910097625,76478.85599307268,2596.5681217420015,8773675.047732674,12853590.452867415
SXM,2015,1664353.7121639592,475.56125463027604,83.23876429809803,1700420.5724010395,1725816.1164349446
SYC,2015,2290832.463106823,4195.496973315176,94.40271403928543,2431078.467278904,2655834.718089674
SYR,2015,73638286.09981489,772237.4003160998,30544.446748475657,108999995.1585366,157315934.47197273
TCA,2015,1411697.9042207235,848.5285899671055,41.763314507858524,1446426.892643074,1491838.410251223
TCD,2015,29108733.843769643,3386856.407259872,121722.31848482278,157384129.72777066,338820221.90716857
TGO,2015,9290872.922262408,249221.34993890222,7990.889817473531,19280437.7096024,33608630.73556909
THA,2015,662424319.8008348,8984360.794848876,148620.3295617125,992520039.8759687,1520639357.4503903
TJK,2015,25487224.330062892,540326.8436186587,10071.848704363063,43745476.17652274,72476622.50433879
TKL,2015,7505.883405050365,41.7178004838447,1.374856845154983,9039.463018074875,11265.81117267897
TKM,2015,197984371.8168728,3416696.9595373105,37083.506013037746,304774050.2167625,487024230.34295774
TLS,2015,10629101.80166506,192975.82020906208,1860.644328878134,16575670.90758989,26845840.95683503
TON,2015,713352.0861188697,10838.2634276695,107.61225669866873,1044432.9697284995,1622423.2505150738
TTO,2015,87617392.23057213,1081530.0762308934,1870.5924821960646,120590006.23916394,180535834.89292094
TUN,2015,74919817.33439296,612320.9096362789,21706.727368705077,99547644.58437908,134358586.588031
TUR,2015,833951544.9296299,10899843.83358402,279939.4764281487,1225820181.1883614,1825716015.864048
TUV,2015,302659.59979694814,545.6210213288286,21.377275261437365,323694.8575636485,352796.96183597116
TWN,2015,541423234.4068217,712706.9479521888,24835.19068903426,583931072.3910997,620631632.7163498
TZA,2015,70639152.58310322,2945144.2966499883,96976.8147808801,179145786.8543784,336258824.4722375
UGA,2015,38331823.045056775,1634403.2587271072,57329.44093650065,99398181.5452555,186625356.30435628
UKR,2015,676600223.4933667,5851643.753571789,181326.22264089258,890984790.1940798,1205478110.6996682
UMI,2015,4976.265619504378,2.2983568393006966,0.17890341748018818,5088.902867322959,5211.651263934175
URY,2015,22807495.122974813,2083050.4560586896,43211.993896289976,92781491.1202622,204261327.97260308
USA,2015,11090397865.269203,52404824.021671996,1524266.0915507337,13433821037.43878,16598197082.563473
UZB,2015,265866025.0569628,4490186.859905349,72506.70177941675,410717937.75168896,650850908.2718371
VAT,2015,27369.88954198272,51.10601775949745,0.8925644877830125,29095.598222601275,31802.695851293236
VCT,2015,913011.534361687,3328.267467499687,60.595824448377115,1020804.1222562392,1199395.1273282229
VEN,2015,728673294.2096583,15182594.030343376,73796.86835585616,1182502148.146324,2002422416.2217112
VGB,2015,1058646.7498321708,405.47753180613245,33.920662761501966,1079158.5943678617,1100833.987269528
VIR,2015,2355060.7265317403,687.4421695091768,105.47199596295148,2492135.1864150683,2528828.8161792257
VNM,2015,605321116.3692828,8545526.179042876,162346.70354135547,897149090.2469012,1364371941.9893787
VUT,2015,1018018.9690403998,17090.4475018255,166.88692552366948,1535634.3891159333,2448736.884521544
WLF,2015,171536.7297368496,127.07231360105615,3.6994070565318764,176036.30198456306,182836.14037087737
WSM,2015,1013466.2593599351,9561.343409075458,165.0680742528214,1323520.2515861667,1834002.0623186757
YEM,2015,38472465.9400775,792180.9213441942,28680.10845020941,74880068.90644157,125461689.31108627
ZAF,2015,1052665100.3740029,5831718.693220495,111715.32911710773,1265939974.4874673,1594966966.5948558
ZMB,2015,57797668.67024917,530515.7175835024,32422.719859291352,81526800.15802473,109794549.86249636
ZWE,2015,42980476.52332206,808849.8967355102,18819.252518574303,71494786.78787111,115547266.6611634
